{"Eyebrow Height":[[0.000037,0.10571081409477523],[1.124901,0.10571081409477523]],"Eyebrow Heightd":[[0.00002,0.5261239368165249],[0.000025,0.10571081409477523],[0.222605,0.10692588092345079],[0.229934,0.10935601458080191],[0.239383,0.11543134872417982],[0.247,0.12029161603888217],[0.257167,0.12758201701093563],[0.264223,0.13244228432563787],[0.274007,0.13730255164034022],[0.281,0.13973268529769134],[0.291276,0.14216281895504257],[0.307136,0.14337788578371813],[0.315374,0.14337788578371813],[0.341109,0.14337788578371813],[0.879208,0.14337788578371813],[0.896373,0.14945321992709604],[0.902388,0.16160388821385174],[0.912898,0.22114216281895505],[0.919527,0.2624544349939246],[0.929589,0.3171324422843257],[0.936757,0.34386391251518833],[0.947044,0.4228432563791008],[0.953523,0.45929526123936815],[0.963683,0.49696233292831105],[0.970687,0.5164034021871202],[0.980639,0.5212636695018227],[0.987792,0.5309842041312272],[0.99812,0.5528554070473877],[1.014037,0.591737545565006],[1.021635,0.6014580801944107],[1.031702,0.6196840826245443],[1.038568,0.6269744835965978],[1.048651,0.6427703523693803],[1.056482,0.6682867557715675],[1.067952,0.7023086269744836],[1.073202,0.7168894289185905],[1.084456,0.7266099635479951],[1.09059,0.7618469015795869],[1.102283,0.7946537059538274],[1.1168,0.8311057108140948],[1.132743,0.8772782503037667],[1.151111,0.8955042527339003],[1.166387,0.9027946537059538],[2.007476,0.8930741190765492],[2.009311,0.8882138517618469],[2.02448,0.8699878493317132],[2.026342,0.8578371810449574],[2.041022,0.8274605103280681],[2.058387,0.7703523693803159],[2.075126,0.7351154313487243],[2.092664,0.7120291616038883],[2.108906,0.6974483596597814],[2.12591,0.6877278250303767],[2.142514,0.6828675577156744],[2.159609,0.6731470230862697],[2.176161,0.6622114216281896],[2.19431,0.6537059538274606],[2.210034,0.6488456865127582],[2.227239,0.646415552855407],[2.243518,0.6439854191980559],[2.264245,0.6439854191980559],[2.294313,0.6427703523693803],[2.298269,0.6427703523693803],[2.310694,0.6415552855407047],[2.315922,0.6403402187120292],[2.329691,0.6391251518833536],[2.332595,0.6379100850546779],[2.344952,0.6354799513973268],[2.349888,0.6342648845686513],[2.362684,0.6306196840826246],[2.369093,0.6294046172539489],[2.381322,0.6257594167679222],[2.384568,0.6245443499392467],[2.395834,0.6221142162818956],[2.401144,0.6208991494532199],[2.41319,0.6160388821385177],[2.417667,0.6136087484811665],[2.429391,0.6099635479951397],[2.434687,0.6087484811664641],[2.445875,0.606318347509113],[2.452159,0.6051032806804375],[2.462759,0.6026731470230863],[2.468973,0.6014580801944107],[2.479696,0.5990279465370596],[2.486201,0.5990279465370596],[2.496746,0.5965978128797084],[2.51273,0.5965978128797084],[2.519919,0.5953827460510328],[2.530471,0.5941676792223572],[2.537234,0.5929526123936817],[2.549506,0.591737545565006],[2.56373,0.591737545565006],[2.598303,0.5905224787363306],[2.614487,0.5905224787363306],[2.648115,0.5893074119076549],[2.664849,0.5880923450789793],[2.682035,0.5856622114216281],[2.69877,0.5856622114216281],[2.732638,0.5856622114216281],[2.748868,0.5844471445929527],[2.783084,0.5844471445929527],[2.815925,0.583232077764277],[2.834457,0.5820170109356014],[2.850899,0.5808019441069259],[2.867524,0.5783718104495748],[2.88404,0.5662211421628189],[2.900542,0.551640340218712],[2.917507,0.5443499392466586],[2.93445,0.5407047387606319],[2.951208,0.5382746051032807],[2.968552,0.534629404617254],[2.985126,0.5321992709599028],[3.001916,0.5309842041312272],[3.005161,0.5309842041312272],[3.018408,0.5297691373025517],[3.022106,0.528554070473876],[3.035708,0.5273390036452005],[3.039031,0.5261239368165249],[3.052161,0.5224787363304981],[3.05607,0.5212636695018227],[3.069137,0.5188335358444714],[3.07359,0.5176184690157959],[3.085572,0.5139732685297691],[3.090358,0.5139732685297691],[3.102638,0.511543134872418],[3.107328,0.5103280680437424],[3.119485,0.5078979343863912],[3.124408,0.5066828675577157],[3.137857,0.503037667071689],[3.140996,0.5018226002430133],[3.153693,0.4981773997569866],[3.158155,0.49696233292831105],[3.170377,0.4945321992709599],[3.175448,0.49331713244228437],[3.187158,0.49088699878493314],[3.192158,0.49088699878493314],[3.203964,0.48724179829890646],[3.209529,0.4860267314702309],[3.221096,0.48359659781287967],[3.226553,0.4823815309842041],[3.237817,0.479951397326853],[3.243179,0.47873633049817743],[3.255233,0.47509113001215064],[3.2602,0.4726609963547995],[3.27281,0.47144592952612396],[3.277368,0.47144592952612396],[3.288245,0.4702308626974484],[3.294315,0.4702308626974484],[3.307163,0.46901579586877273],[3.324057,0.46901579586877273],[3.375814,0.4678007290400972],[3.391415,0.4678007290400972],[3.423311,0.4665856622114216],[3.44015,0.4641555285540705],[3.456974,0.4605103280680437],[3.473566,0.45565006075334147],[3.49071,0.4544349939246659],[3.507729,0.45321992709599024],[3.524254,0.44349939246658565],[3.525801,0.4301336573511543],[3.540993,0.40826245443499387],[3.542503,0.3985419198055893],[3.557697,0.3924665856622114],[3.559315,0.3912515188335358],[3.57443,0.3851761846901579],[3.59198,0.3827460510328068],[3.593527,0.38153098420413123],[3.608706,0.38153098420413123],[3.625636,0.38031591737545567],[3.641939,0.3754556500607533],[3.659119,0.35844471445929527],[3.676064,0.33049817739975695],[3.692837,0.28675577156743626],[3.709036,0.25516403402187116],[3.726514,0.2320777642770352],[3.743329,0.21385176184690158],[3.760371,0.2004860267314702],[3.776852,0.1944106925880923],[3.783109,0.19319562575941673],[3.795689,0.19076549210206561],[3.810511,0.19076549210206561],[3.969769,0.19076549210206561]]}